{"cameraMode":{"drawMode":0,"name":"Shaded","section":"Shading Mode"},"sceneLighting":true,"audioPlay":false,"sceneViewState":{"m_AlwaysRefresh":false,"showFog":true,"showSkybox":true,"showFlares":true,"showImageEffects":true,"showParticleSystems":true,"showVisualEffectGraphs":true,"m_FxEnabled":true},"in2DMode":false,"pivot":{"x":3.5713419914245607,"y":-10.161140441894532,"z":5.280092239379883},"rotation":{"x":0.42125269770622256,"y":0.08389849960803986,"z":-0.03914152458310127,"w":0.902237057685852},"size":17.644756317138673,"orthographic":false}