{"cameraMode":{"drawMode":0,"name":"Shaded","section":"Shading Mode"},"sceneLighting":true,"audioPlay":false,"sceneViewState":{"m_AlwaysRefresh":false,"showFog":true,"showSkybox":true,"showFlares":true,"showImageEffects":true,"showParticleSystems":true,"showVisualEffectGraphs":true,"m_FxEnabled":true},"in2DMode":false,"pivot":{"x":0.30705153942108157,"y":-3.132763385772705,"z":-0.5429856777191162},"rotation":{"x":-0.3057660758495331,"y":0.13055264949798585,"z":-0.042402658611536029,"w":-0.9421696662902832},"size":4.389530658721924,"orthographic":false}