{"cameraMode":{"drawMode":0,"name":"Shaded","section":"Shading Mode"},"sceneLighting":true,"audioPlay":false,"sceneViewState":{"m_AlwaysRefresh":false,"showFog":true,"showSkybox":true,"showFlares":true,"showImageEffects":true,"showParticleSystems":true,"showVisualEffectGraphs":true,"m_FxEnabled":true},"in2DMode":false,"pivot":{"x":-0.10053563117980957,"y":-0.1795055866241455,"z":-1.307835340499878},"rotation":{"x":0.038120657205581668,"y":0.9140447974205017,"z":-0.08829031884670258,"w":0.3941061198711395},"size":3.701418876647949,"orthographic":false}