{"cameraMode":{"drawMode":0,"name":"Shaded","section":"Shading Mode"},"sceneLighting":true,"audioPlay":false,"sceneViewState":{"m_AlwaysRefresh":false,"showFog":true,"showSkybox":true,"showFlares":true,"showImageEffects":true,"showParticleSystems":true,"showVisualEffectGraphs":true,"m_FxEnabled":true},"in2DMode":false,"pivot":{"x":4.530189514160156,"y":1.9442601203918458,"z":-5.428194046020508},"rotation":{"x":-0.40938958525657656,"y":-0.06696955859661102,"z":0.03014790080487728,"w":-0.9093997478485107},"size":3.5283002853393556,"orthographic":false}