{"cameraMode":{"drawMode":0,"name":"Shaded","section":"Shading Mode"},"sceneLighting":true,"audioPlay":false,"sceneViewState":{"m_AlwaysRefresh":false,"showFog":true,"showSkybox":true,"showFlares":true,"showImageEffects":true,"showParticleSystems":true,"showVisualEffectGraphs":true,"m_FxEnabled":true},"in2DMode":false,"pivot":{"x":-4.438281536102295,"y":13.007949829101563,"z":-5.201864242553711},"rotation":{"x":-0.0356016680598259,"y":0.06412430852651596,"z":0.0023347327951341869,"w":0.9973280429840088},"size":12.565975189208985,"orthographic":false}