{"cameraMode":{"drawMode":0,"name":"Shaded","section":"Shading Mode"},"sceneLighting":true,"audioPlay":false,"sceneViewState":{"m_AlwaysRefresh":false,"showFog":true,"showSkybox":true,"showFlares":true,"showImageEffects":true,"showParticleSystems":true,"showVisualEffectGraphs":true,"m_FxEnabled":true},"in2DMode":false,"pivot":{"x":7.812963485717773,"y":6.380128860473633,"z":1.8805084228515626},"rotation":{"x":0.31289350986480715,"y":0.02254728227853775,"z":-0.007341375574469566,"w":0.9495356678962708},"size":11.729816436767579,"orthographic":false}